City,Lat,Lng,Max Temp,Humidity,Clouds,Wind Speed,Country,Date
Carnarvon,-24.87,113.63,91.4,14,0,12.75,AU,1607306694
Salalah,17.02,54.09,73.4,73,40,3.36,OM,1607306694
Badalona,41.45,2.25,48.0,70,0,10.29,ES,1607306694
Yellowknife,62.46,-114.35,17.6,92,90,5.82,CA,1607306464
Ushuaia,-54.8,-68.3,50.0,93,75,12.75,AR,1607306694
Cabo San Lucas,22.89,-109.91,71.6,56,5,8.05,MX,1607306694
Atuona,-9.8,-139.03,78.57,76,6,15.73,PF,1607306694
Huarmey,-10.07,-78.15,67.08,84,100,6.58,PE,1607306695
Butaritari,3.07,172.79,81.03,79,16,13.62,KI,1607306695
Katsuura,35.13,140.3,59.0,62,20,3.36,JP,1607306695
Havøysund,71.0,24.66,28.4,86,40,19.46,NO,1607306695
Nishihara,26.18,127.76,73.4,100,90,8.05,JP,1607306695
Sesheke,-17.48,24.3,67.86,87,97,5.91,ZM,1607306695
Souillac,-20.52,57.52,75.2,83,20,8.05,MU,1607306695
Marzuq,14.4,46.47,60.35,74,0,0.63,YE,1607306695
Qaanaaq,77.48,-69.36,-1.75,72,98,2.82,GL,1607306695
Hithadhoo,-0.6,73.08,82.09,79,7,17.25,MV,1607306695
Tashla,51.77,52.74,7.38,87,1,6.38,RU,1607306695
Līgatne,57.23,25.04,30.0,53,50,8.01,LV,1607306695
Rikitea,-23.12,-134.97,76.89,79,0,14.18,PF,1607306696
Bluff,-46.6,168.33,59.97,64,14,19.04,NZ,1607306696
Busselton,-33.65,115.33,79.0,30,0,7.81,AU,1607306426
Mataura,-46.19,168.86,68.94,40,78,10.78,NZ,1607306565
Zharkovskiy,55.85,32.27,21.24,93,1,7.61,RU,1607306696
Puerto Ayora,-0.74,-90.35,72.0,91,76,1.99,EC,1607306696
Yangi Marg`ilon,40.43,71.72,28.4,86,100,2.24,UZ,1607306696
Jamestown,42.1,-79.24,28.0,79,90,5.82,US,1607306415
Lompoc,34.64,-120.46,53.6,87,1,8.05,US,1607306430
Batagay-Alyta,67.8,130.41,-33.52,76,0,1.81,RU,1607306697
New Norfolk,-42.78,147.06,62.01,56,96,7.0,AU,1607306697
East London,-33.02,27.91,70.41,91,100,17.92,ZA,1607306697
Lokosovo,61.13,74.82,16.56,96,100,13.24,RU,1607306697
Balabac,7.99,117.06,82.63,80,100,9.55,PH,1607306697
Albi,43.93,2.15,42.01,98,97,3.0,FR,1607306697
Bredasdorp,-34.53,20.04,62.6,93,100,21.92,ZA,1607306697
Hilo,19.73,-155.09,82.4,65,75,12.75,US,1607306408
Punta Arenas,-53.15,-70.92,59.0,67,100,23.04,CL,1607306629
Kapaa,22.08,-159.32,82.4,65,75,4.7,US,1607306697
Buchanan,5.88,-10.05,77.0,94,75,4.54,LR,1607306697
Tiksi,71.69,128.87,-13.7,89,100,3.09,RU,1607306698
Husavik,66.04,-17.34,15.8,85,20,4.7,IS,1607306698
Tasiilaq,65.61,-37.64,26.6,63,98,13.87,GL,1607306698
Alzamay,55.56,98.66,16.88,92,100,9.37,RU,1607306698
Esperance,-33.87,121.9,64.4,48,42,8.05,AU,1607306413
Tuktoyaktuk,69.45,-133.04,-4.0,76,75,6.93,CA,1607306698
Vardø,70.37,31.11,33.66,85,100,2.24,NO,1607306698
Cape Town,-33.93,18.42,66.2,77,0,4.7,ZA,1607306502
Nanortalik,60.14,-45.24,30.02,94,42,6.33,GL,1607306698
Pochutla,15.74,-96.47,78.8,65,75,3.47,MX,1607306698
Fortuna,40.6,-124.16,50.0,91,74,4.9,US,1607306698
Lázaro Cárdenas,17.96,-102.2,77.5,76,83,2.84,MX,1607306405
Harar,9.31,42.13,57.78,60,0,7.36,ET,1607306698
Porto Belo,-27.16,-48.55,69.8,94,75,12.75,BR,1607306494
Vuktyl,63.86,57.31,27.03,98,100,8.34,RU,1607306699
Kumul,42.8,93.45,20.82,80,0,1.61,CN,1607306699
Torbay,47.67,-52.73,50.0,100,90,12.75,CA,1607306600
Licheng,23.3,113.83,68.0,59,0,11.18,CN,1607306699
Saint-Augustin,51.23,-58.65,33.33,95,100,21.79,CA,1607306489
Khatanga,71.97,102.5,-19.1,88,62,4.09,RU,1607306699
Chabahar,25.29,60.64,73.62,76,57,8.34,IR,1607306699
Faya,18.39,42.45,53.6,93,0,3.36,SA,1607306699
Nikolskoye,59.7,30.79,28.99,54,0,11.18,RU,1607306699
Pevek,69.7,170.31,4.86,93,100,2.04,RU,1607306699
Albany,42.6,-73.97,30.0,57,11,3.0,US,1607306699
Hokitika,-42.72,170.97,63.9,74,15,8.34,NZ,1607306700
Vestmannaeyjar,63.44,-20.27,43.05,76,100,32.86,IS,1607306700
Chumikan,54.72,135.31,5.61,85,94,21.56,RU,1607306700
Cidreira,-30.18,-50.21,65.77,89,89,18.88,BR,1607306700
Hobart,-42.88,147.33,62.01,38,75,14.99,AU,1607306430
Chui,-33.7,-53.46,56.16,74,4,4.92,UY,1607306700
Avarua,-21.21,-159.78,84.2,79,92,14.99,CK,1607306700
Christchurch,-43.53,172.63,84.2,25,66,20.8,NZ,1607306555
Ahipara,-35.17,173.17,72.5,68,99,12.91,NZ,1607306700
Lorengau,-2.02,147.27,86.72,62,100,7.58,PG,1607306700
Cayenne,4.93,-52.33,75.2,100,0,8.5,GF,1607306700
George Town,5.41,100.34,82.4,83,20,5.82,MY,1607306645
Upernavik,72.79,-56.15,20.95,97,100,3.42,GL,1607306700
Guangming,45.33,122.78,16.18,69,0,11.81,CN,1607306701
Honningsvåg,70.98,25.97,34.27,83,97,12.35,NO,1607306701
Greytown,-29.06,30.59,59.85,87,100,1.23,ZA,1607306701
Nemuro,43.32,145.57,35.6,69,75,9.17,JP,1607306701
Lebu,-37.62,-73.65,52.72,96,66,10.2,CL,1607306701
Narsaq,60.92,-46.05,28.4,58,8,9.17,GL,1607306701
Xichang,27.9,102.26,53.01,48,90,1.23,CN,1607306701
Olden,61.84,6.81,28.99,91,100,5.35,NO,1607306701
Provideniya,64.38,-173.3,17.6,72,20,11.18,RU,1607306702
Gualaquiza,-3.4,-78.55,63.37,89,98,2.04,EC,1607306702
Norman Wells,65.28,-126.83,1.4,84,90,2.24,CA,1607306702
Mbandaka,0.05,18.26,71.01,93,98,2.68,CD,1607306702
Petropavlovsk-Kamchatskiy,53.05,158.65,12.2,78,40,6.71,RU,1607306702
Saint-Pierre,-21.34,55.48,75.2,73,20,5.82,RE,1607306112
Palu,-0.89,119.87,89.64,49,100,2.66,ID,1607306491
Geraldton,-28.77,114.6,91.4,14,0,20.8,AU,1607306456
Port Alfred,-33.59,26.89,69.06,89,100,25.93,ZA,1607306702
Saint-Philippe,-21.36,55.77,75.2,73,20,5.82,RE,1607306702
Nadym,65.53,72.52,24.3,95,49,23.55,RU,1607306702
Carutapera,-1.2,-46.02,79.32,79,99,6.64,BR,1607306703
Hermanus,-34.42,19.23,66.0,86,100,5.99,ZA,1607306703
Vaini,-21.2,-175.2,84.2,79,75,10.29,TO,1607306703
Laguna,38.42,-121.42,54.0,53,5,3.36,US,1607306562
Orbetello,42.44,11.22,42.8,87,40,12.75,IT,1607306703
Arāmbāgh,22.88,87.78,68.95,45,0,0.78,IN,1607306703
Doba,8.65,16.85,70.83,32,100,0.94,TD,1607306703
Cockburn Town,21.46,-71.14,77.0,73,20,4.7,TC,1607306704
La Crosse,43.8,-91.24,33.8,74,90,4.7,US,1607306704
Prince Rupert,54.32,-130.32,50.0,93,40,9.17,CA,1607306585
Matara,5.95,80.54,78.06,81,74,2.73,LK,1607306704
Chhindwāra,22.07,78.93,63.45,44,0,2.1,IN,1607306704
Dikson,73.51,80.55,-5.82,93,51,10.54,RU,1607306705
Alofi,-19.06,-169.92,86.0,70,75,13.87,NU,1607306705
Nouadhibou,20.93,-17.03,64.4,77,84,21.92,MR,1607306705
Port Hardy,50.7,-127.42,51.8,76,90,11.41,CA,1607306551
Cēsis,57.31,25.27,30.0,53,41,8.01,LV,1607306705
Ürümqi,43.8,87.6,10.4,85,90,4.47,CN,1607306417
Kahului,20.89,-156.47,86.0,51,40,11.41,US,1607306543
Kruisfontein,-34.0,24.73,66.99,94,100,8.01,ZA,1607306705
Ketchikan,55.34,-131.65,48.2,93,90,20.8,US,1607306705
Chokurdakh,70.63,147.92,-22.65,86,99,3.78,RU,1607306705
Castro,-24.79,-50.01,59.86,97,99,7.67,BR,1607306434
Berlevåg,70.86,29.09,31.1,90,99,3.71,NO,1607306705
Ancud,-41.87,-73.82,57.2,82,0,1.12,CL,1607306706
Ribeira Grande,38.52,-28.7,60.44,64,91,3.96,PT,1607306706
Silver City,32.77,-108.28,30.2,30,1,3.36,US,1607306706
Mahébourg,-20.41,57.7,75.2,83,20,8.05,MU,1607306706
Ruteng,-8.61,120.47,74.77,76,98,3.2,ID,1607306706
Itacaré,-14.28,-39.0,78.8,78,20,5.82,BR,1607306706
Aklavik,68.22,-135.01,-2.2,77,100,1.66,CA,1607306706
Longyan,25.11,117.02,66.99,60,0,5.99,CN,1607306702
Mujiayingzi,42.12,118.78,7.2,84,0,10.11,CN,1607306706
Athabasca,54.72,-113.29,30.2,63,50,3.36,CA,1607306706
Hasaki,35.73,140.83,57.0,71,20,4.7,JP,1607306513
Lastoursville,-0.81,12.73,70.81,93,100,1.5,GA,1607306706
Maceió,-9.67,-35.74,73.4,88,20,2.24,BR,1607306620
São João da Barra,-21.64,-41.05,75.31,89,100,12.84,BR,1607306706
Katobu,-4.94,122.53,89.71,59,100,2.04,ID,1607306707
Los Llanos de Aridane,28.66,-17.92,62.6,82,75,10.29,ES,1607306707
Quincy,42.25,-71.0,34.0,59,90,10.29,US,1607306453
Port Elizabeth,-33.92,25.57,66.2,93,90,14.99,ZA,1607306707
Black River,18.03,-77.85,80.6,78,20,3.36,JM,1607306707
Shizunai-furukawachō,42.33,142.37,41.05,74,65,15.68,JP,1607306707
Baruun-Urt,46.68,113.28,-2.58,83,0,14.09,MN,1607306707
Maryville,35.76,-83.97,46.4,75,75,1.68,US,1607306554
Sorong,-0.88,131.25,81.23,79,100,6.93,ID,1607306707
Meybod,32.25,54.02,44.6,93,90,6.93,IR,1607306707
Lüderitz,-26.65,15.16,58.37,84,0,11.79,NA,1607306707
Anūpgarh,29.19,73.21,61.16,39,0,4.52,IN,1607306707
Saint Paul Harbor,57.79,-152.41,42.8,87,90,17.22,US,1607306670
Coquimbo,-29.95,-71.34,55.4,87,49,5.82,CL,1607306662
Aldan,58.6,125.39,-0.44,91,100,13.13,RU,1607306708
Roebourne,-20.78,117.13,91.65,47,61,11.48,AU,1607306708
Itacarambi,-15.1,-44.09,70.41,92,41,2.01,BR,1607306708
Tautira,-17.73,-149.15,80.6,78,90,5.82,PF,1607306708
Dwārka,22.24,68.97,74.98,57,0,8.14,IN,1607306708
Saskylakh,71.92,114.08,-9.04,90,100,6.02,RU,1607306708
Codajás,-3.84,-62.06,74.8,94,100,1.95,BR,1607306708
Eydhafushi,5.1,73.07,81.84,77,100,9.82,MV,1607306708
Oktyabr'skoye,43.06,44.74,28.4,92,97,13.42,RU,1607306708
Antofagasta,-23.65,-70.4,62.6,72,75,10.29,CL,1607306709
Erzin,36.96,36.2,48.2,93,0,2.24,TR,1607306709
Yerbogachën,61.28,108.01,8.11,94,100,9.33,RU,1607306709
Shimoda,34.67,138.95,57.2,71,20,9.17,JP,1607306709
Auki,-8.77,160.7,84.09,77,88,1.48,SB,1607306709
Ostrovnoy,68.05,39.51,28.47,91,100,6.91,RU,1607306709
Ponte de Sôr,39.25,-8.01,52.0,95,61,6.91,PT,1607306412
Forsytheganj,52.63,29.73,20.41,93,0,12.62,BY,1607306709
Sedro-Woolley,48.5,-122.24,51.8,81,90,8.05,US,1607306688
Beloha,-25.17,45.05,69.78,94,28,8.66,MG,1607306709
Mossamedes,-15.2,12.15,66.43,75,7,7.58,AO,1607306709
Kyra,49.58,111.98,6.96,76,11,6.44,RU,1607306709
High Level,58.52,-117.14,24.8,100,40,3.36,CA,1607306710
Bud,39.45,-86.18,30.99,80,75,3.36,US,1607306710
Miquelon,47.1,-56.38,45.79,84,6,13.44,PM,1607306710
Hong Kong,22.29,114.16,69.01,62,0,8.88,HK,1607306461
Aleksandrovsk-Sakhalinskiy,50.9,142.16,22.05,87,21,5.1,RU,1607306710
Ardakān,32.31,54.02,44.6,93,90,6.93,IR,1607306710
Benjamin Constant,-4.38,-70.03,77.0,100,75,3.36,BR,1607306686
Hambantota,6.12,81.12,71.6,100,20,2.24,LK,1607306556
Mar del Plata,-38.0,-57.56,63.0,72,0,9.17,AR,1607306681
Sabang,5.89,95.32,81.07,79,100,11.18,ID,1607306710
Suleya,55.14,58.88,10.69,87,93,4.7,RU,1607306710
Barrow,71.29,-156.79,1.4,70,1,9.17,US,1607306710
Faanui,-16.48,-151.75,80.74,72,88,8.88,PF,1607306710
Rocha,-34.48,-54.33,51.22,90,0,3.78,UY,1607306436
Isla Mujeres,21.23,-86.73,77.0,94,75,9.93,MX,1607306711
Sittwe,20.15,92.9,68.54,64,0,6.2,MM,1607306711
Les Cayes,18.2,-73.75,75.42,82,84,1.92,HT,1607306711
Tres Arroyos,-38.37,-60.28,66.29,29,0,13.71,AR,1607306711
Maniitsoq,65.42,-52.9,26.24,98,100,14.18,GL,1607306711
Atar,20.52,-13.05,60.62,51,58,8.46,MR,1607306711
Byron Bay,-28.65,153.62,86.0,65,75,10.29,AU,1607306711
Bethel,41.37,-73.41,30.99,58,1,5.82,US,1607306711
Grindavik,63.84,-22.43,37.4,93,90,10.29,IS,1607306711
Oodweyne,9.41,45.06,67.89,47,0,8.86,SO,1607306711
Port Macquarie,-31.43,152.92,75.2,57,99,4.7,AU,1607306556
Dunedin,-45.87,170.5,61.0,68,25,11.99,NZ,1607306712
Haines Junction,60.75,-137.51,12.2,92,94,1.12,CA,1607306712
Goderich,43.75,-81.72,30.2,74,99,3.36,CA,1607306481
Arraial do Cabo,-22.97,-42.03,77.0,94,75,11.41,BR,1607306712
Omsukchan,62.53,155.8,-0.58,90,100,0.58,RU,1607306712
Klaksvík,62.23,-6.59,37.4,72,43,9.17,FO,1607306712
Bathsheba,13.22,-59.52,78.8,74,20,12.75,BB,1607306712
Joshīmath,30.57,79.57,45.27,40,10,5.82,IN,1607306712
Vanimo,-2.67,141.3,78.1,84,99,5.19,PG,1607306712
Dali,25.7,100.18,49.82,63,3,1.99,CN,1607306712
Saldanha,-33.01,17.94,62.06,87,37,15.1,ZA,1607306713
Hammerfest,70.66,23.68,28.4,86,40,19.46,NO,1607306713
Ponta do Sol,32.67,-17.1,59.0,77,20,6.93,PT,1607306713
Kaitangata,-46.28,169.85,66.61,43,36,7.74,NZ,1607306713
Port-Gentil,-0.72,8.78,78.67,84,100,7.43,GA,1607306713
Leningradskiy,69.38,178.42,12.52,88,96,1.54,RU,1607306713
Enger,52.13,8.57,37.99,93,100,1.01,DE,1607306657
Pisco,-13.7,-76.22,64.4,88,0,18.34,PE,1607306713
Caravelas,-17.71,-39.25,74.91,83,98,7.11,BR,1607306713
Hofn,64.25,-15.21,34.54,88,100,9.37,IS,1607306713
Raudeberg,61.99,5.14,37.99,88,100,12.33,NO,1607306713
Santiago,-33.46,-70.65,68.0,42,0,14.99,CL,1607306490
Santiago de Cuba,20.02,-75.82,77.0,83,40,4.7,CU,1607306713
Blackwater,-23.58,148.88,96.42,33,0,9.51,AU,1607306713
Vila Velha,-20.33,-40.29,77.0,83,40,9.17,BR,1607306419
Novobiryusinskiy,56.96,97.71,11.66,95,100,9.64,RU,1607306714
Leh,34.17,77.58,15.39,77,95,0.07,IN,1607306607
Butterworth,5.4,100.36,82.4,83,20,5.82,MY,1607306714
Suntar,62.14,117.63,-4.9,89,86,6.26,RU,1607306714
Beberibe,-4.18,-38.13,80.6,78,40,10.29,BR,1607306467
Māndal,25.45,74.57,61.86,35,0,1.77,IN,1607306714
Ondjiva,-17.07,15.73,70.11,32,12,5.48,AO,1607306714
Netanya,32.33,34.86,59.0,82,40,2.24,IL,1607306714
Daru,-9.08,143.21,87.19,63,100,5.59,PG,1607306714
Fairbanks,64.84,-147.72,6.8,71,90,8.05,US,1607306431
Menongue,-14.66,17.69,67.23,68,100,6.44,AO,1607306715
Saint George,37.1,-113.58,46.4,19,1,3.36,US,1607306715
Mareeba,-17.0,145.43,93.0,55,95,9.17,AU,1607306715
Guerrero Negro,27.98,-114.06,61.88,59,82,6.38,MX,1607306715
Coahuayana Viejo,18.73,-103.68,71.6,78,90,6.93,MX,1607306715
Makakilo City,21.35,-158.09,84.2,58,90,14.99,US,1607306427
Lavrentiya,65.58,-171.0,15.31,93,6,10.74,RU,1607306715
Naze,28.37,129.48,75.2,94,75,8.05,JP,1607306696
Charter Township of Clinton,42.59,-82.92,33.01,94,90,4.7,US,1607306576
Bambous Virieux,-20.34,57.76,77.0,83,20,8.05,MU,1607306715
Hay River,60.82,-115.8,14.0,85,100,4.7,CA,1607306715
Plettenberg Bay,-34.05,23.37,66.4,90,97,20.13,ZA,1607306715
Nālūt,30.33,10.85,42.4,59,0,4.52,LY,1607306715
Rawson,-43.3,-65.1,84.38,19,56,22.28,AR,1607306484
Sulechów,52.08,15.63,43.0,74,91,4.0,PL,1607306716
Umluj,25.02,37.27,68.34,52,0,6.82,SA,1607306416
Egvekinot,66.32,-179.17,9.88,85,17,5.23,RU,1607306716
Lucea,18.45,-78.17,80.6,78,20,3.36,JM,1607306716
Hobyo,5.35,48.53,78.21,72,18,9.08,SO,1607306716
Abu Samrah,35.3,37.18,49.62,79,0,2.33,SY,1607306716
Airai,-8.93,125.41,74.03,75,100,1.86,TL,1607306716
Talnakh,69.49,88.4,12.2,92,90,17.9,RU,1607306716
Meulaboh,4.14,96.13,80.51,76,100,2.64,ID,1607306716
Samarai,-10.62,150.67,85.55,71,74,12.21,PG,1607306716
Bastrop,32.76,-91.87,48.2,100,1,6.08,US,1607306716
Coyhaique,-45.58,-72.07,68.0,45,90,4.7,CL,1607306717
Davidson,36.15,-86.78,46.99,65,90,11.41,US,1607306717
Xam Nua,20.42,104.04,54.46,81,62,3.02,LA,1607306717
Myitkyina,25.38,97.4,64.27,62,0,2.28,MM,1607306717
Qaqortoq,60.72,-46.03,28.4,58,0,9.17,GL,1607306684
Longyearbyen,78.22,15.64,28.4,92,90,20.8,SJ,1607306717
Marrakesh,31.63,-8.01,44.6,87,0,3.36,MA,1607306531
Riyadh,24.69,46.72,51.8,81,0,5.82,SA,1607306717
Manali,13.17,80.27,78.8,94,90,6.11,IN,1607306717
Tazovsky,67.47,78.7,18.57,98,97,2.06,RU,1607306718
Dubai,25.26,55.3,77.0,73,40,14.99,AE,1607306273
Antsohihy,-14.88,47.99,76.28,85,0,2.53,MG,1607306547
Awjilah,29.11,21.29,60.51,65,94,16.44,LY,1607306718
Okahandja,-21.98,16.92,57.51,56,0,0.87,NA,1607306718
Acaraú,-2.89,-40.12,79.84,81,100,14.2,BR,1607306718
Alice Springs,-23.7,133.88,82.0,24,75,13.87,AU,1607306712
Severo-Kuril'sk,50.68,156.12,28.04,89,100,9.44,RU,1607306718
Coos Bay,43.37,-124.22,50.0,93,1,5.82,US,1607306560
Ilulissat,69.22,-51.1,23.0,49,100,16.11,GL,1607306579
Hamilton,39.18,-84.53,37.4,69,90,6.93,US,1607306718
Okha,53.57,142.95,9.77,89,37,14.12,RU,1607306719
Liaozhong,41.51,122.72,19.4,52,0,6.71,CN,1607306719
Aljezur,37.32,-8.8,57.0,93,42,1.99,PT,1607306719
Dehui,44.53,125.7,10.4,66,0,6.71,CN,1607306575
Ibotirama,-12.19,-43.22,74.03,65,1,2.95,BR,1607306719
Thompson,55.74,-97.86,17.6,100,90,6.93,CA,1607306719
Onega,63.91,38.14,34.38,90,100,10.09,RU,1607306719
Sayyan,15.17,44.32,49.1,66,24,2.46,YE,1607306719
Sonāmura,23.47,91.27,62.6,93,0,3.24,IN,1607306719
Kayes,14.0,-11.0,74.5,32,0,5.41,ML,1607306719
Dryden,49.78,-92.75,24.8,100,90,2.24,CA,1607306719
Port Hedland,-20.32,118.57,91.4,59,14,14.99,AU,1607306719
Bandarbeyla,9.49,50.81,74.66,78,33,7.43,SO,1607306720
Srīsailain,16.08,78.87,66.34,78,99,4.36,IN,1607306720
Udachny,66.42,112.4,-7.6,76,90,11.18,RU,1607306720
Kargasok,59.06,80.86,13.95,94,100,15.32,RU,1607306720
Sharanga,57.18,46.54,17.15,93,0,8.14,RU,1607306720
Mount Gambier,-37.83,140.77,55.4,58,75,18.34,AU,1607306720
Roald,62.58,6.13,39.2,80,100,11.41,NO,1607306720
Lagoa,39.05,-27.98,60.6,72,100,8.14,PT,1607306720
Coruripe,-10.13,-36.18,76.5,80,51,11.01,BR,1607306720
Cumberland,35.05,-78.87,43.0,81,1,3.36,US,1607306720
Marawi,8.0,124.29,81.0,82,98,5.01,PH,1607306720
Boyolangu,-8.12,111.89,84.56,71,33,7.85,ID,1607306720
Tessalit,20.2,1.01,63.99,38,38,6.04,ML,1607306720
Kiryat Gat,31.61,34.76,59.0,100,0,1.99,IL,1607306585
Matozinhos,-19.56,-44.08,71.6,88,20,5.82,BR,1607306721
Sitka,57.05,-135.33,46.4,87,75,23.04,US,1607306643
Beringovskiy,63.05,179.32,18.03,94,57,4.56,RU,1607306721
Nabire,-3.37,135.48,85.75,68,65,3.89,ID,1607306721
Tuatapere,-46.13,167.68,66.76,42,0,11.41,NZ,1607306721
Bengkulu,-3.8,102.27,81.5,74,31,5.32,ID,1607306721
Ryōtsu-minato,38.08,138.43,57.2,58,40,16.11,JP,1607306721
Kharitonovo,61.4,47.5,25.07,96,97,8.81,RU,1607306721
San Patricio,28.02,-97.52,57.99,71,1,6.93,US,1607306721
San Policarpo,12.18,125.51,84.31,79,100,9.01,PH,1607306721
Tigil',57.8,158.67,10.15,94,0,5.86,RU,1607306721
Iqaluit,63.75,-68.51,14.0,72,90,9.17,CA,1607306471
Yulara,-25.24,130.99,84.2,17,90,12.75,AU,1607306722
Eyl,7.98,49.82,74.46,80,10,8.72,SO,1607306722
Palafrugell,41.92,3.16,41.0,78,0,1.12,ES,1607306722
Anandnagar,27.1,83.28,63.55,69,0,3.0,IN,1607306722
Adwa,14.16,38.9,57.04,86,40,1.99,ET,1607306722
Cherskiy,68.75,161.3,-0.04,93,100,1.57,RU,1607306722
Kavieng,-2.57,150.8,85.77,67,1,11.01,PG,1607306722
Künzelsau,49.28,9.69,33.8,93,100,4.7,DE,1607306722
Kamyshlov,56.84,62.71,19.38,94,78,9.62,RU,1607306722
Emerald,-23.53,148.17,97.0,36,1,11.41,AU,1607306722
Constitución,-35.33,-72.42,52.52,91,63,6.71,CL,1607306722
Aste,45.79,11.1,37.99,97,54,1.92,IT,1607306722
Bereda,43.27,-7.54,48.0,100,100,5.01,ES,1607306722
Rāzampeta,14.18,79.17,73.13,92,100,2.95,IN,1607306722
Kaniama,-7.57,24.18,63.77,97,98,3.15,CD,1607306722
Limulunga,-15.1,23.14,68.54,93,100,4.36,ZM,1607306723
Zakharovo,54.37,39.28,17.4,93,0,5.46,RU,1607306723
Namatanai,-3.67,152.43,85.19,71,31,9.64,PG,1607306723
Nome,64.5,-165.41,15.8,56,1,18.34,US,1607306723
Adrar,20.5,-10.07,56.95,50,100,7.99,MR,1607306723
Salavat,53.38,55.91,5.49,87,0,3.47,RU,1607306723
Mahibadhoo,3.78,72.97,81.99,77,97,9.86,MV,1607306723
Vostok,46.49,135.88,10.83,94,99,6.17,RU,1607306723
Dingle,11.0,122.67,83.21,80,100,5.59,PH,1607306723
Macao,22.2,113.55,68.0,68,20,16.11,MO,1607306596
Morwell,-38.23,146.4,62.01,56,73,11.99,AU,1607306723
Bilma,18.69,12.92,67.78,25,21,2.57,NE,1607306724
Santa Isabel,-23.32,-46.22,68.0,93,90,5.82,BR,1607306724
Asekeyevo,53.57,52.8,6.39,86,0,5.12,RU,1607306724
Vestmanna,62.16,-7.17,37.4,78,38,9.17,FO,1607306724
Nyurba,63.28,118.33,-11.11,88,60,6.85,RU,1607306724
Cache Creek,50.81,-121.32,37.4,69,90,16.11,CA,1607306514
Ballina,-28.87,153.57,86.0,65,75,10.29,AU,1607306724
Labuhan,-6.88,112.21,82.33,82,100,20.6,ID,1607306724
Broome,42.25,-75.83,28.99,79,90,10.29,US,1607306724
Mercedes,-34.65,-59.43,63.0,56,0,1.99,AR,1607306724
Uwajima,33.22,132.56,55.4,66,20,8.05,JP,1607306725
Harrison,30.41,-89.04,50.0,93,90,8.05,US,1607306725
Bilibino,68.05,166.44,-1.17,89,45,3.47,RU,1607306725
Yar-Sale,66.83,70.83,26.82,95,53,21.14,RU,1607306725
Goroka,-6.08,145.39,73.44,72,100,3.0,PG,1607306725
Luganville,-15.53,167.17,86.0,74,40,6.93,VU,1607306725
Selty,57.31,52.13,13.14,93,14,7.27,RU,1607306725
Guarujá,-23.99,-46.26,73.0,26,100,23.02,BR,1607306660
Las Lomas,8.43,-82.4,78.8,94,40,1.12,PA,1607306725
Susanville,40.42,-120.65,39.2,51,1,3.36,US,1607306643
Tarcea,47.45,22.18,43.0,80,0,10.29,RO,1607306725
Kamenka,51.32,42.77,12.99,93,0,7.52,RU,1607306725
Mendota,36.75,-120.38,54.0,54,1,6.93,US,1607306725
Tezu,27.92,96.17,65.17,56,96,1.79,IN,1607306725
Arlit,18.74,7.39,72.86,23,0,5.1,NE,1607306726
Pangnirtung,66.15,-65.71,0.5,87,95,2.01,CA,1607306726
Cap-aux-Meules,47.38,-61.86,42.8,87,100,13.87,CA,1607306726
Teya,60.38,92.63,7.79,90,100,14.63,RU,1607306726
Inhambane,-23.86,35.38,73.58,81,84,8.16,MZ,1607306726
Armidale,-30.52,151.65,68.0,44,100,5.01,AU,1607306726
Aksu,41.12,80.26,18.34,92,96,0.4,CN,1607306726
Luanda,-8.84,13.23,77.0,88,75,8.05,AO,1607306553
Westport,41.14,-73.36,33.01,67,0,12.33,US,1607306726
Shitkino,56.37,98.35,13.78,94,100,10.58,RU,1607306726
Brae,60.4,-1.35,44.6,81,26,13.87,GB,1607306726
Port Lincoln,-34.73,135.87,60.44,54,88,23.98,AU,1607306726
Bago,17.34,96.48,75.2,94,0,5.82,MM,1607306727
Carbonia,39.17,8.52,50.0,81,40,3.36,IT,1607306727
Birao,10.28,22.79,66.4,26,83,4.79,CF,1607306727
Dolores,-36.31,-57.68,53.26,76,0,7.47,AR,1607306474
Hervey Bay,-25.3,152.85,88.0,58,0,21.92,AU,1607306727
Hanzhong,33.07,107.03,41.52,64,77,3.11,CN,1607306727
Kattivākkam,13.22,80.32,78.8,94,90,5.73,IN,1607306727
Suslovo,56.22,88.12,7.36,93,99,14.14,RU,1607306727
Baytown,29.74,-94.98,57.0,71,0,5.7,US,1607306534
Saint-François,46.42,3.91,39.99,100,90,2.24,FR,1607306727
Bamiantong,44.93,130.53,15.89,88,5,12.71,CN,1607306727
Måløy,61.94,5.11,37.99,80,100,4.7,NO,1607306727
Avera,33.19,-82.53,51.8,87,90,5.23,US,1607306727
Hanyang,32.14,105.51,46.99,68,91,1.01,CN,1607306728
Severnoye,56.35,78.36,3.02,93,98,12.73,RU,1607306728
Igrim,63.19,64.42,25.77,95,98,9.17,RU,1607306728
Changji,44.02,87.32,10.4,85,90,4.47,CN,1607306728
Korla,41.76,86.15,24.49,86,84,1.01,CN,1607306728
Murillo,4.87,-75.17,45.41,100,90,3.42,CO,1607306728
Halifax,44.65,-63.57,39.0,84,100,7.0,CA,1607306463
Prieska,-29.66,22.75,68.72,37,0,2.01,ZA,1607306728
São Filipe,14.9,-24.5,75.85,74,88,12.55,CV,1607306728
Brigantine,39.41,-74.36,37.0,55,1,8.05,US,1607306728
Guarapari,-20.67,-40.5,77.0,83,40,9.17,BR,1607306728
Mundra,22.85,69.73,73.92,47,0,6.55,IN,1607306728
Quatre Cocos,-20.21,57.76,77.0,83,20,8.05,MU,1607306729
Ampanihy,-24.7,44.75,67.96,94,69,6.08,MG,1607306729
Wynyard,-41.0,145.72,61.0,59,100,10.0,AU,1607306729
Calamar,10.25,-74.91,80.6,100,20,6.93,CO,1607306729
Great Yarmouth,52.61,1.73,32.0,72,100,2.24,GB,1607306729
Te Anau,-45.42,167.72,61.36,52,27,10.65,NZ,1607306459
Fort Nelson,58.81,-122.7,21.2,92,75,6.93,CA,1607306729
Moerai,-22.43,-151.33,78.98,79,61,16.51,PF,1607306729
Wabana,47.63,-52.95,50.0,100,90,12.75,CA,1607306729
Narrabri,-30.32,149.78,77.0,29,100,5.82,AU,1607306729
Cristalina,-16.77,-47.61,64.58,100,98,3.18,BR,1607306729
Hombourg-Haut,49.12,6.77,37.0,99,100,5.06,FR,1607306730
Imeni Poliny Osipenko,52.42,136.49,6.51,90,58,5.21,RU,1607306730
Pozo Colorado,-23.49,-58.8,70.12,57,31,4.25,PY,1607306730
Stykkisholmur,65.08,-22.73,28.74,98,100,6.42,IS,1607306730
Puerto Escondido,15.85,-97.07,78.8,74,40,3.36,MX,1607306730
Bogorodskoye,56.55,37.88,19.22,94,29,7.2,RU,1607306730
Amuntai,-2.42,115.25,90.73,56,100,1.52,ID,1607306730
Lander,42.83,-108.73,35.6,68,1,4.7,US,1607306730
Slave Lake,55.28,-114.77,28.4,79,40,2.24,CA,1607306610
Pombia,45.65,8.63,39.0,100,75,4.7,IT,1607306730
Banda Aceh,5.56,95.32,81.07,75,100,5.84,ID,1607306731
Östersund,63.18,14.64,33.01,94,100,4.7,SE,1607306731
Pangkalanbuun,-2.68,111.62,86.83,66,96,3.31,ID,1607306731
Merauke,-8.47,140.33,87.87,64,64,6.4,ID,1607306731
Nouakchott,18.09,-15.98,64.4,48,0,11.41,MR,1607306731
Najrān,17.49,44.13,62.6,67,0,2.24,SA,1607306731
Hearst,49.68,-83.67,23.0,92,53,2.71,CA,1607306731
Houston,29.76,-95.36,59.0,51,1,11.41,US,1607306548
La Ronge,55.1,-105.28,28.4,63,3,2.24,CA,1607306731
Marabu,4.41,114.01,84.2,79,20,6.93,MY,1607306731
Mehamn,71.04,27.85,28.53,92,89,5.14,NO,1607306731
Mbanza-Ngungu,-5.25,14.87,67.42,98,44,3.13,CD,1607306732
Portland,45.52,-122.68,46.99,87,40,3.36,US,1607306644
La Palma,33.85,-118.05,64.4,45,1,4.29,US,1607306732
Sibu,2.3,111.82,82.4,88,40,3.36,MY,1607306732
Terney,45.05,136.61,23.7,83,8,8.03,RU,1607306732
Paragominas,-2.97,-47.48,74.46,93,100,2.46,BR,1607306486
Atasū,48.68,71.64,6.75,93,48,8.41,KZ,1607306732
Bushenyi,-0.59,30.21,56.43,92,0,0.27,UG,1607306732
Finnsnes,69.23,17.98,21.2,92,76,8.05,NO,1607306732
Nola,40.92,14.53,48.2,87,40,1.12,IT,1607306732
Gao,16.64,1.64,71.55,26,0,5.06,ML,1607306732
Papara,-3.98,-38.73,81.0,78,40,10.29,BR,1607306732
San Cristobal,7.77,-72.22,80.6,78,40,2.33,VE,1607306732
Port Blair,11.67,92.75,81.68,70,3,13.53,IN,1607306732
Capoterra,39.18,8.97,50.0,100,40,6.93,IT,1607306733
Tawao,4.25,117.89,84.2,79,20,3.36,MY,1607306733
Jalpan,21.23,-99.48,56.66,68,95,1.14,MX,1607306733
Sirte,31.21,16.59,58.78,42,0,17.67,LY,1607306733
São José da Coroa Grande,-8.9,-35.15,76.17,80,42,8.75,BR,1607306733
Pasni,25.26,63.47,74.8,78,1,5.68,PK,1607306733
Pargas,60.31,22.3,41.0,93,90,9.17,FI,1607306733
Sept-Îles,50.2,-66.38,28.4,74,100,20.8,CA,1607306733
Bokovskaya,49.23,41.83,12.61,93,0,11.18,RU,1607306733
Angoche,-16.23,39.91,77.83,79,100,2.21,MZ,1607306733
Boden,65.83,21.69,37.4,100,100,3.36,SE,1607306733
De Aar,-30.65,24.01,65.35,62,0,12.06,ZA,1607306733
Formosa do Rio Preto,-11.05,-45.19,72.07,65,0,1.43,BR,1607306734
Vao,-22.67,167.48,77.43,85,31,17.72,NC,1607306734
Panguna,-6.32,155.48,81.14,74,48,2.59,PG,1607306734
Sobolevo,54.43,31.9,20.41,92,0,11.14,RU,1607306734
Abay,49.63,72.85,-5.8,76,0,8.95,KZ,1607306734
Olafsvik,64.89,-23.71,32.97,95,100,11.18,IS,1607306734
Zarand,30.81,56.56,48.88,67,3,13.02,IR,1607306734
Charters Towers,-20.1,146.27,97.02,25,31,7.85,AU,1607306734
College,64.86,-147.8,6.8,71,90,8.05,US,1607306573
Noumea,-22.28,166.46,90.0,49,0,12.75,NC,1607306734
Shubarkuduk,49.14,56.49,4.42,92,0,4.34,KZ,1607306734
Tual,-5.67,132.75,84.76,67,71,0.76,ID,1607306735
Pierre,44.37,-100.35,44.6,45,1,5.82,US,1607306688
Inverness,57.48,-4.22,37.4,93,97,2.24,GB,1607306571
Socorro,31.65,-106.3,51.8,23,5,5.82,US,1607306660
Warrington,53.39,-2.58,41.0,93,92,1.12,GB,1607306735
Henties Bay,-22.12,14.28,62.01,86,12,1.07,NA,1607306735
Ust'-Ilimsk,58.0,102.66,7.02,93,100,10.31,RU,1607306642
Bloomington,44.84,-93.3,34.0,86,90,5.82,US,1607306593
Saint-Joseph,-21.37,55.62,75.2,73,20,5.82,RE,1607306735
Zeya,53.75,127.27,1.81,90,100,2.39,RU,1607306735
Puerto del Rosario,28.5,-13.86,60.8,77,75,11.41,ES,1607306735
Włodawa,51.55,23.55,30.0,82,80,20.2,PL,1607306735
Yamaranguila,14.28,-88.25,57.18,100,40,5.03,HN,1607306735
Calabozo,8.92,-67.43,76.3,85,97,4.41,VE,1607306735
Virginia Beach,36.85,-75.98,41.0,69,75,2.13,US,1607306391
Keffi,8.85,7.87,75.2,78,0,4.7,NG,1607306736
Vaitape,-16.52,-151.75,81.61,71,92,9.06,PF,1607306736
Abalak,58.13,68.59,11.79,97,93,7.16,RU,1607306736
Fuzhou,26.06,119.31,62.6,63,75,8.95,CN,1607306617
Ixtapa,20.7,-105.2,73.4,83,90,2.24,MX,1607306736
Pāvilosta,56.89,21.19,37.4,64,100,11.41,LV,1607306736
Singaparna,-7.35,108.11,74.39,85,99,0.92,ID,1607306736
Esso,55.93,158.7,5.2,83,12,2.98,RU,1607306736
Maragogi,-9.01,-35.22,75.94,80,49,8.61,BR,1607306737
Oranjemund,-28.55,16.43,61.84,87,39,10.31,NA,1607306737
Valdivia,-39.81,-73.25,57.2,82,78,3.36,CL,1607306737
Sinnamary,5.38,-52.95,78.28,87,100,8.55,GF,1607306737
Nelson Bay,-32.72,152.15,82.99,26,0,23.04,AU,1607306737
Sola,-13.88,167.55,81.54,73,12,4.94,VU,1607306737
Vero Beach,27.64,-80.4,70.0,88,75,6.35,US,1607306434
Wau,7.7,28.0,72.09,31,90,4.38,SS,1607306737
Canavieiras,-15.68,-38.95,73.99,86,3,5.39,BR,1607306737
Skibbereen,51.55,-9.27,37.4,93,75,10.29,IE,1607306737
Salinas,36.68,-121.66,55.4,76,1,11.41,US,1607306694
Almaznyy,48.04,40.05,15.8,72,0,17.9,RU,1607306737
Acapulco de Juárez,16.86,-99.89,82.4,78,40,5.82,MX,1607306594
Robertsport,6.75,-11.37,79.47,82,7,7.43,LR,1607306738
Arman',59.7,150.17,11.01,92,97,8.16,RU,1607306738
Province of Mantua,45.17,10.78,36.0,100,90,3.36,IT,1607306738
Codrington,-38.27,141.97,56.79,62,31,21.85,AU,1607306738
Barquisimeto,10.07,-69.32,64.4,100,24,12.75,VE,1607306552
Turaif,31.67,38.66,46.4,100,0,4.7,SA,1607306738
Tamworth,52.63,-1.7,37.0,93,90,2.24,GB,1607306738
Nchelenge,-9.35,28.73,70.18,85,3,0.43,ZM,1607306738
Grants Pass,42.44,-123.33,44.01,100,90,1.48,US,1607306738
Barra do Garças,-15.89,-52.26,73.04,85,90,1.34,BR,1607306738
Igarka,67.47,86.58,9.1,95,100,9.95,RU,1607306738
Gilgit,35.92,74.31,40.46,60,100,1.19,PK,1607306446
Barra de Tecoanapa,16.52,-98.75,79.43,74,77,3.13,MX,1607306739
Ngunguru,-35.62,174.5,79.0,68,97,7.0,NZ,1607306739
Eureka,40.8,-124.16,50.0,88,71,1.99,US,1607306673
Kastamonu Province,41.5,33.67,36.41,89,68,0.43,TR,1607306739
Yining,29.04,114.56,49.93,69,54,2.66,CN,1607306739
Kralendijk,12.15,-68.27,82.4,78,92,14.99,BQ,1607306739
Almeirim,-1.52,-52.58,80.47,71,56,6.6,BR,1607306739
Sidi Ali,36.1,0.42,49.93,71,0,9.93,DZ,1607306739
Morro da Fumaça,-28.65,-49.21,65.28,93,100,8.5,BR,1607306480
Iberia,29.95,-91.75,46.99,100,1,4.7,US,1607306739
Moose Factory,51.26,-80.61,14.0,92,90,2.73,CA,1607306739
Khovd,48.01,91.64,-0.98,80,7,0.67,MN,1607306739
Basco,20.45,121.97,77.92,87,83,24.56,PH,1607306740
Touros,-5.2,-35.46,78.8,83,40,6.93,BR,1607306740
Hailey,43.52,-114.32,28.4,68,5,8.05,US,1607306446
Aykhal,66.0,111.5,-7.6,76,90,11.18,RU,1607306740
Northam,51.03,-4.22,37.0,88,16,1.99,GB,1607306740
Beyneu,45.32,55.2,9.72,90,0,7.65,KZ,1607306740
Babushkin,51.71,105.86,19.81,88,99,7.34,RU,1607306740
Chicama,-7.84,-79.15,67.68,81,81,5.19,PE,1607306740
Karratha,-20.74,116.85,92.82,44,32,11.27,AU,1607306740
San Miguel de Cozumel,20.51,-86.95,77.0,94,90,8.81,MX,1607306740
Finschhafen,-6.6,147.87,82.72,75,85,2.75,PG,1607306740
Palmer,42.16,-72.33,30.2,58,40,10.29,US,1607306741
Princeton,25.54,-80.41,75.2,88,90,8.9,US,1607306741
Sørland,67.67,12.69,37.85,81,78,9.64,NO,1607306741
Zverinogolovskoye,54.46,64.85,9.05,92,19,8.01,RU,1607306741
San Alberto,7.76,-73.39,76.89,75,98,4.14,CO,1607306741
Province of Trapani,37.83,12.67,57.0,87,75,18.34,IT,1607306741
Singleton,-32.57,151.18,87.01,12,99,15.99,AU,1607306741
Busembatia,0.77,33.61,62.92,92,0,2.24,UG,1607306741
Villa Bruzual,9.33,-69.12,75.09,87,95,2.3,VE,1607306741
Beli Potok,44.71,20.52,44.6,70,0,25.28,RS,1607306741
